/dev/roadmap https://sourcegraph.com/direction 308
/dev/code_reviews https://docs.sourcegraph.com/dev/background-information/code_reviews 308
/dev/conduct https://sourcegraph.com/community/code_of_conduct 308
/dev/devrel_release_issue_template https://sourcegraph.com/handbook/marketing/developer-relations/release_issue_template 308
/dev/documentation/separate_website https://sourcegraph.com/handbook/engineering/distribution/separate_website 308
/dev/documentation/site https://sourcegraph.com/handbook/engineering/distribution/update_sourcegraph_website 308
/dev/documentation/structure https://sourcegraph.com/handbook/engineering/product_documentation 308
/dev/documentation/style_guide https://sourcegraph.com/handbook/engineering/product_documentation 308
/dev/faq https://sourcegraph.com/community/faq 308
/dev/go_style_guide https://docs.sourcegraph.com/dev/background-information/languages/go 308
/dev/incidents https://sourcegraph.com/handbook/engineering/incidents 308
/dev/open_source_open_company https://sourcegraph.com/company#sourcegraph-open-product-open-company-open-source 308
/dev/patch_release_issue_template https://sourcegraph.com/handbook/engineering/releases/patch_release_issue_template 308
/dev/product https://sourcegraph.com/handbook/product 308
/dev/product/personas https://sourcegraph.com/handbook/marketing/personas 308
/dev/release_issue_template https://sourcegraph.com/handbook/engineering/releases/release_issue_template 308
/dev/releases https://sourcegraph.com/handbook/engineering/releases 308
/dev/retrospectives/3_0 https://sourcegraph.com/handbook/retrospectives/3_0 308
/dev/retrospectives/3_0_beta https://sourcegraph.com/handbook/retrospectives/3_0_beta 308
/dev/retrospectives/3_2 https://sourcegraph.com/retrospectives/3_2 308
/dev/retrospectives/3_3 https://sourcegraph.com/retrospectives/3_3 308
/dev/retrospectives/3_4 https://sourcegraph.com/retrospectives/3_4 308
/dev/retrospectives/3_5 https://sourcegraph.com/retrospectives/3_5 308
/dev/retrospectives/3_6 https://sourcegraph.com/retrospectives/3_6 308
/dev/retrospectives/3_7 https://sourcegraph.com/retrospectives/3_7 308
/dev/retrospectives/3_8 https://sourcegraph.com/retrospectives/3_8 308
/dev/retrospectives/3_9 https://sourcegraph.com/retrospectives/3_9 308
/dev/retrospectives/customer_license_expiration https://sourcegraph.com/retrospectives/customer_license_expiration 308
/dev/retrospectives https://sourcegraph.com/retrospectives 308
/dev/retrospectives/postgresql_upgrade https://sourcegraph.com/retrospectives/postgresql_upgrade 308
/dev/rfcs https://sourcegraph.com/handbook/communication/rfcs 308
/dev/style_guide https://sourcegraph.com/handbook/communication/style_guide 308
/direction https://sourcegraph.com/direction 308
/direction/secure https://sourcegraph.com/direction 308
/graphbook/communication https://sourcegraph.com/handbook 308
/graphbook https://sourcegraph.com/handbook 308
/team/graphbook https://sourcegraph.com/handbook 308
/team/graphbook/team_meeting https://sourcegraph.com/handbook/communication/company_meeting 308
/team/graphbook/travel https://sourcegraph.com/handbook/people-ops/travel 308
/team/gtm/devrel https://sourcegraph.com/handbook/marketing/developer-relations 308
/team/gtm https://sourcegraph.com/handbook/sales 308
/team/gtm/support/diagnostics https://sourcegraph.com/handbook/support/diagnostics 308
/team/gtm/support https://sourcegraph.com/handbook/support 308
/team https://sourcegraph.com/handbook 308
/team/product-dev/documentation https://sourcegraph.com/handbook/engineering/product_documentation 308
/team/product-dev/documentation/separate_website https://sourcegraph.com/handbook/engineering/distribution/separate_website 308
/team/product-dev/documentation/site https://sourcegraph.com/handbook/engineering/distribution/update_sourcegraph_website 308
/team/product-dev/documentation/structure https://sourcegraph.com/handbook/engineering/product_documentation 308
/team/product-dev/documentation/style_guide https://sourcegraph.com/handbook/communication/style_guide 308
/team/product-dev/incidents https://sourcegraph.com/handbook/engineering/incidents 308
/team/product-dev https://sourcegraph.com/handbook/engineering 308
/team/product-dev/open_source_open_company https://sourcegraph.com/company#sourcegraph-open-product-open-company-open-source 308
/team/product-dev/product https://sourcegraph.com/handbook/product 308
/team/product-dev/product/personas https://sourcegraph.com/handbook/marketing/personas 308
/team/product-dev/releases https://sourcegraph.com/handbook/engineering/releases 308
/team/product-dev/retrospectives/3_0 https://sourcegraph.com/retrospectives/3_0 308
/team/product-dev/retrospectives/3_0_beta https://sourcegraph.com/retrospectives/3_0_beta 308
/team/product-dev/retrospectives/3_2 https://sourcegraph.com/retrospectives/3_2 308
/team/product-dev/retrospectives/3_3 https://sourcegraph.com/retrospectives/3_3 308
/team/product-dev/retrospectives/3_4 https://sourcegraph.com/retrospectives/3_4 308
/team/product-dev/retrospectives/3_5 https://sourcegraph.com/retrospectives/3_5 308
/team/product-dev/retrospectives/3_6 https://sourcegraph.com/retrospectives/3_6 308
/team/product-dev/retrospectives/3_7 https://sourcegraph.com/retrospectives/3_7 308
/team/product-dev/retrospectives/3_8 https://sourcegraph.com/retrospectives/3_8 308
/team/product-dev/retrospectives/3_9 https://sourcegraph.com/retrospectives/3_9 308
/team/product-dev/retrospectives/customer_license_expiration https://sourcegraph.com/retrospectives/customer_license_expiration 308
/team/product-dev/retrospectives https://sourcegraph.com/retrospectives 308
/team/product-dev/retrospectives/postgresql_upgrade https://sourcegraph.com/retrospectives/postgresql_upgrade 308
/team/product-dev/rfcs https://sourcegraph.com/handbook/communication/rfcs 308
/team/roadmap https://sourcegraph.com/direction 308
/team/style_guide https://sourcegraph.com/handbook/communication/style_guide 308
/adopt/comp https://sourcegraph.com/workflow 308
/admin/auth/saml_with_microsoft_adfs /admin/auth/saml/microsoft_adfs 308
/admin/config/critical_config /admin/migration/3_11 308
/admin/external_service/bitbucketserver /integration/bitbucket_server 308
/admin/install/cluster.md /admin/deploy/index.md 308
/admin/monitoring /admin/observability 308
/admin/monitoring/reporting_search_timeouts /admin/observability/troubleshooting#scenario-search-timeouts 308
/admin/monitoring/metrics_reference /admin/observability/metrics_guide 308
/admin/monitoring/slack_alert_channel /admin/observability/alerting#set-up-alerts-in-grafana 308
/admin/monitoring_and_tracing /admin/observability 308
/integration/google_gsuite /integration/google_workspace 308

/dev/architecture/life-of-a-search-query /dev/background-information/architecture/life-of-a-search-query 308
/dev/architecture/architecture.dot       /dev/background-information/architecture/architecture.dot 308
/dev/architecture/life-of-a-ping         /dev/background-information/architecture/life-of-a-ping 308
/dev/architecture/life-of-a-repository   /dev/background-information/architecture/life-of-a-repository 308
/dev/architecture/search-pagination      /dev/background-information/architecture/search-pagination 308
/dev/architecture/architecture.dot	/dev/background-information/architecture/architecture.dot 308
/dev/architecture/architecture.svg	/dev/background-information/architecture/architecture.svg 308
/dev/codeintel/architecture 	    /dev/background-information/codeintel/architecture 308
/dev/codeintel/deployment 	        /dev/background-information/codeintel/deployment 308
/dev/codeintel/diagrams/architecture.dot	/dev/background-information/codeintel/diagrams/architecture.dot 308
/dev/codeintel/diagrams/architecture.svg	/dev/background-information/codeintel/diagrams/architecture.svg  308
/dev/codeintel/diagrams/definitions.mermaid	/dev/background-information/codeintel/diagrams/definitions.mermaid 308
/dev/codeintel/diagrams/definitions.svg	    /dev/background-information/codeintel/diagrams/definitions.svg 308
/dev/codeintel/diagrams/extension-definitions.mermaid	/dev/background-information/codeintel/diagrams/extension-definitions.mermaid 308
/dev/codeintel/diagrams/extension-definitions.svg	    /dev/background-information/codeintel/diagrams/extension-definitions.svg 308
/dev/codeintel/diagrams/extension-hover.mermaid	         /dev/background-information/codeintel/diagrams/extension-hover.mermaid 308
/dev/codeintel/diagrams/extension-hover.svg	/dev/background-information/codeintel/diagrams/extension-hover.svg 308
/dev/codeintel/diagrams/extension-references.mermaid	/dev/background-information/codeintel/diagrams/extension-references.mermaid 308
/dev/codeintel/diagrams/extension-references.svg	/dev/background-information/codeintel/diagrams/extension-references.svg 308
/dev/codeintel/diagrams/hover.mermaid	/dev/background-information/codeintel/diagrams/hover.mermaid 308
/dev/codeintel/diagrams/hover.svg	/dev/background-information/codeintel/diagrams/hover.svg 308
/dev/codeintel/diagrams/references.mermaid	/dev/background-information/codeintel/diagrams/references.mermaid 308
/dev/codeintel/diagrams/references.svg	/dev/background-information/codeintel/diagrams/references.svg 308
/dev/codeintel/diagrams/resolve-page.mermaid	/dev/background-information/codeintel/diagrams/resolve-page.mermaid 308
/dev/codeintel/diagrams/resolve-page.svg	/dev/background-information/codeintel/diagrams/resolve-page.svg 308
/dev/codeintel/diagrams/upload.mermaid	/dev/background-information/codeintel/diagrams/upload.mermaid 308
/dev/codeintel/diagrams/upload.svg	/dev/background-information/codeintel/diagrams/upload.svg 308
/dev/codeintel/extensions 	/dev/background-information/codeintel/extensions  308
/dev/codeintel/index 	/dev/background-information/codeintel/index  308
/dev/codeintel/queries 	/dev/background-information/codeintel/queries  308
/dev/codeintel/uploads 	/dev/background-information/codeintel/uploads  308
/dev/graphql_api	/dev/background-information/graphql_api 308
/dev/observability	/dev/background-information/observability 308
/dev/postgresql	/dev/background-information/postgresql 308
/dev/renovate	/dev/background-information/renovate 308
/dev/tech_stack	/dev/background-information/tech_stack 308
/dev/telemetry	/dev/background-information/telemetry 308
/dev/testing	/dev/background-information/testing 308
/dev/web/build	/dev/background-information/web/build 308
/dev/code_host_integrations	/dev/background-information/web/code_host_integrations 308
/dev/web/graphql	/dev/background-information/web/graphql 308
/dev/web/index	/dev/background-information/web/index 308
/dev/web/web_app	/dev/background-information/web/web_app 308
/dev/phabricator_gitolite	/dev/how-to/configure_phabricator_gitolite 308
/dev/documentation	/dev/how-to/documentation_implementation 308
/dev/zoekt	/dev/how-to/zoekt_local_dev 308

/user/search/examples   /code_search/tutorials/examples 308
/user/search/queries    /code_search/reference/queries 308
/user/search/language   /code_search/reference/language 308
/user/search/structural /code_search/reference/structural 308
/user/search/opengrok   /code_search/how-to/opengrok 308
/user/search/saved_searches /code_search/how-to/saved_searches 308
/user/search/scopes /code_search/how-to/scopes 308

/user/code_intelligence/lsif_quickstart /user/code_intelligence/how-to/index_other_languages 308
/user/code_intelligence/basic_code_intelligence /user/code_intelligence/explanations/search_based_code_intelligence 308
/user/code_intelligence/features    /user/code_intelligence/explanations/features 308
/user/code_intelligence/lsif   /user/code_intelligence/explanations/precise_code_intelligence 308
/user/code_intelligence/precise_code_intelligence   /user/code_intelligence/explanations/precise_code_intelligence 308
/user/code_intelligence/writing_an_indexer  /user/code_intelligence/explanations/writing_an_indexer 308
/user/code_intelligence/adding_lsif_to_many_repos   /user/code_intelligence/how-to/adding_lsif_to_many_repos 308
/user/code_intelligence/adding_lsif_to_workflows    /user/code_intelligence/how-to/adding_lsif_to_workflows 308
/user/code_intelligence/languages/go    /user/code_intelligence/how-to/index_a_go_repository 308
/user/code_intelligence/languages/typescript_and_javascript /user/code_intelligence/how-to/index_a_typescript_and_javascript_repository 308

/user/code_intelligence/explanations/basic_code_intelligence /code_intelligence/explanations/search_based_code_intelligence 308
/user/code_intelligence/explanations/features /code_intelligence/explanations/features 308
/user/code_intelligence/explanations/precise_code_intelligence /code_intelligence/explanations/precise_code_intelligence 308
/user/code_intelligence/explanations/writing_an_indexer /code_intelligence/explanations/writing_an_indexer 308
/user/code_intelligence/how-to/adding_lsif_to_many_repos /code_intelligence/how-to/adding_lsif_to_many_repos 308
/user/code_intelligence/how-to/adding_lsif_to_workflows /code_intelligence/how-to/adding_lsif_to_workflows 308
/user/code_intelligence/how-to/index_a_go_repository /code_intelligence/how-to/index_a_go_repository 308
/user/code_intelligence/how-to/index_a_typescript_and_javascript_repository /code_intelligence/how-to/index_a_typescript_and_javascript_repository 308

/user/markdown  /admin/markdown 308
/user/organizations   /admin/organizations 308
/user/organizations/index   /admin/organizations 308
/user/usage_statistics  /admin/usage_statistics 308
/user/user_surveys  /admin/user_surveys 308
/user/repository/badges /user/personalization/badges 308
/user/quick_links   /user/personalization/quick_links 308
/user/themes    /user/personalization/themes 308

/user/search /code_search 308
/user/code_intelligence /code_intelligence 308
/user /getting-started 308


/user/automation                         /batch_changes 308
/user/campaigns                          /batch_changes 308
/user/campaigns/examples                 /batch_changes/tutorials 308
/user/campaigns/managing_access          /batch_changes/explanations/permissions_in_batch_changes 308
/dev/campaigns_database_layout.dot	     /dev/background-information/batch_changes/batch_changes_database_layout.dot 308
/dev/campaigns_database_layout.svg	     /dev/background-information/batch_changes/batch_changes_database_layout.svg 308
/dev/campaigns_design 	                 /dev/background-information/batch_changes/batch_changes_design  308
/dev/campaigns_development 	             /dev/background-information/batch_changes/index  308
/dev/automation_development              /dev/background-information/batch_changes/index 308
/campaigns/campaign_spec_yaml_reference /campaigns/references/batch_spec_yaml_reference 308


/dev/background-information/campaigns/campaigns_database_layout.svg /dev/background-information/batch_changes/batch_changes_database_layout.svg 308
/dev/background-information/campaigns/campaigns_database_layout.dot /dev/background-information/batch_changes/batch_changes_database_layout.dot 308

/campaigns/explanations/how_src_executes_a_campaign_spec /batch_changes/explanations/how_src_executes_a_batch_spec 308
/campaigns/explanations/reexecuting_campaign_specs_multiple_times /batch_changes/explanations/reexecuting_batch_specs_multiple_times 308
/campaigns/explanations/permissions_in_batch_changes /batch_changes/explanations/permissions_in_batch_changes 308
/campaigns/explanations/introduction_to_batch_changes /batch_changes/explanations/introduction_to_batch_changes 308
/campaigns/explanations/batch_changes_design /batch_changes/explanations/batch_changes_design 308
/campaigns/explanations /batch_changes/explanations 308
/campaigns/references/requirements /batch_changes/references/requirements 308
/campaigns/references/troubleshooting /batch_changes/references/troubleshooting 308
/campaigns/references/name-change /batch_changes/references/name-change 308
/campaigns/references/campaign_spec_yaml_reference /batch_changes/references/batch_spec_yaml_reference 308
/campaigns/references/faq /batch_changes/references/faq 308
/campaigns/references/campaign_spec_templating /batch_changes/references/batch_spec_templating 308
/campaigns/references /batch_changes/references 308
/campaigns/tutorials/update_base_images_in_dockerfiles /batch_changes/tutorials/update_base_images_in_dockerfiles 308
/campaigns/tutorials/updating_go_import_statements /batch_changes/tutorials/updating_go_import_statements 308
/campaigns/tutorials/refactor_go_comby /batch_changes/tutorials/refactor_go_comby 308
/campaigns/tutorials/search_and_replace_specific_terms /batch_changes/tutorials/search_and_replace_specific_terms 308
/campaigns/tutorials /batch_changes/tutorials 308
/campaigns/how-tos/creating_changesets_per_project_in_monorepos /batch_changes/how-tos/creating_changesets_per_project_in_monorepos 308
/campaigns/how-tos/handling_errored_changesets /batch_changes/how-tos/handling_errored_changesets 308
/campaigns/how-tos/creating_multiple_changesets_in_large_repositories /batch_changes/how-tos/creating_multiple_changesets_in_large_repositories 308
/campaigns/how-tos/site_admin_configuration /batch_changes/how-tos/site_admin_configuration 308
/campaigns/how-tos/publishing_changesets /batch_changes/how-tos/publishing_changesets 308
/campaigns/how-tos/viewing_batch_changes /batch_changes/how-tos/viewing_batch_changes 308
/campaigns/how-tos/updating_a_batch_change /batch_changes/how-tos/updating_a_batch_change 308
/campaigns/how-tos/configuring_user_credentials /batch_changes/how-tos/configuring_user_credentials 308
/campaigns/how-tos/closing_or_deleting_a_batch_change /batch_changes/how-tos/closing_or_deleting_a_batch_change 308
/campaigns/how-tos/creating_a_batch_change /batch_changes/how-tos/creating_a_batch_change 308
/campaigns/how-tos/tracking_existing_changesets /batch_changes/how-tos/tracking_existing_changesets 308
/campaigns/how-tos /batch_changes/how-tos 308
/campaigns/quickstart /batch_changes/quickstart 308
/campaigns /batch_changes 308

/cli/references/campaigns/apply /cli/references/batch/apply 308
/cli/references/campaigns/index /cli/references/batch/index 308
/cli/references/campaigns/new /cli/references/batch/new 308
/cli/references/campaigns/preview /cli/references/batch/preview 308
/cli/references/campaigns/repositories /cli/references/batch/repositories 308
/cli/references/campaigns/validate /cli/references/batch/validate 308
/cli/references/campaigns /cli/references/batch 308

/batch_changes/how-tos/configuring_user_credentials /batch_changes/how-tos/configuring_credentials 308
/batch-changes/references/troubleshooting /batch_changes/references/troubleshooting 308

/dev/background-information/continuous_integration /dev/background-information/ci 308
/dev/how-to/add_and_use_logging /dev/how-to/add_logging 308

/admin/install /admin/deploy 308

/admin/install/kubernetes/azure /admin/deploy/kubernetes 308
/admin/install/kubernetes/configure /admin/deploy/kubernetes/configure 308
/admin/install/kubernetes/eks /admin/deploy/kubernetes/eks 308
/admin/install/kubernetes/helm /admin/deploy/kubernetes/helm 308
/admin/install/kubernetes /admin/deploy/kubernetes 308
/admin/install/kubernetes/kustomize /admin/deploy/kubernetes/kustomize 308
/admin/install/kubernetes/operations /admin/deploy/kubernetes/operations 308
/admin/install/kubernetes/scale /admin/deploy/kubernetes/scale 308
/admin/install/kubernetes/troubleshoot /admin/deploy/kubernetes/troubleshoot 308
/admin/install/kubernetes/update /admin/deploy/kubernetes/update 308
/admin/install/kubernetes/overlays /admin/deploy/kubernetes/configure 308

/admin/install/docker-compose/aws /admin/deploy/docker-compose/aws 308
/admin/install/docker-compose/digitalocean /admin/deploy/docker-compose/digitalocean 308
/admin/install/docker-compose/google_cloud /admin/deploy/docker-compose/google_cloud 308
/admin/install/docker-compose /admin/deploy/docker-compose 308
/admin/install/docker-compose/migrate /admin/deploy/docker-compose/migrate 308
/admin/install/docker-compose/operations /admin/deploy/docker-compose#operations 308
/admin/install/docker-compose/update /admin/deploy/docker-compose#upgrade 308
/admin/install/docker-compose/configure /admin/deploy/docker-compose#configure 308

/admin/install/docker/aws /admin/deploy/docker-single-container/aws 308
/admin/install/docker/digitalocean /admin/deploy/docker-single-container/digitalocean 308
/admin/install/docker/google_cloud /admin/deploy/docker-single-container/google_cloud 308
/admin/install/docker /admin/deploy/docker-single-container 308

/admin/install/managed /admin/deploy/managed 308
/admin/install/migrate-backup /admin/deploy/migrate-backup 308
/admin/install/resource_estimator /admin/deploy/resource_estimator 308

/admin/install/cluster.md /admin/deploy 308
/admin/deploy/cluster /admin/deploy 308

/admin/deploy/docker /admin/deploy/docker-single-container 308

/admin/observability/alert_solutions /admin/observability/alerts 308

/admin/deploy/managed /cloud 308

/code_intelligence/explanations/writing_an_indexer /code_navigation/explanations/writing_an_indexer 308
/code_intelligence/explanations/auto_indexing_inference /code_navigation/explanations/auto_indexing_inference 308
/code_intelligence/explanations/auto_indexing /code_navigation/explanations/auto_indexing 308
/code_intelligence/explanations/features /code_navigation/explanations/features 308
/code_intelligence/explanations/introduction_to_code_intelligence /code_navigation/explanations/introduction_to_code_navigation 308
/code_intelligence/explanations/precise_code_intelligence /code_navigation/explanations/precise_code_navigation 308
/code_intelligence/explanations/rockskip /code_navigation/explanations/rockskip 308
/code_intelligence/explanations/search_based_code_intelligence /code_navigation/explanations/search_based_code_navigation 308
/code_intelligence/explanations/uploads /code_navigation/explanations/uploads 308
/code_intelligence/explanations /code_navigation/explanations 308

/code_intelligence/explanations/diagrams /code_navigation/explanations/diagrams 308
/code_intelligence/explanations/diagrams/index-states.mermaid /code_navigation/explanations/diagrams/index-states.mermaid 308
/code_intelligence/explanations/diagrams/index-states.svg /code_navigation/explanations/diagrams/index-states.svg 308
/code_intelligence/explanations/diagrams/upload-states.mermaid /code_navigation/explanations/diagrams/upload-states.mermaid 308
/code_intelligence/explanations/diagrams/upload-states.svg /code_navigation/explanations/diagrams/upload-states.svg 308

/code_intelligence/apidocs /code_navigation/apidocs 308

/code_intelligence/how-to/adding_lsif_to_many_repos /code_navigation/how-to/adding_lsif_to_many_repos 308
/code_intelligence/how-to/adding_lsif_to_workflows /code_navigation/how-to/adding_lsif_to_workflows 308
/code_intelligence/how-to/configure_auto_indexing /code_navigation/how-to/configure_auto_indexing 308
/code_intelligence/how-to/configure_data_retention /code_navigation/how-to/configure_data_retention 308
/code_intelligence/how-to/enable_auto_indexing /code_navigation/how-to/enable_auto_indexing 308
/code_intelligence/how-to/index_a_cpp_repository https://sourcegraph.com/github.com/sourcegraph/scip-clang/-/blob/README.md#usage 308
/code_intelligence/how-to/index_a_go_repository /code_navigation/how-to/index_a_go_repository 308
/code_intelligence/how-to/index_a_typescript_and_javascript_repository /code_navigation/how-to/index_a_typescript_and_javascript_repository 308
/code_intelligence/how-to/index_other_languages /code_navigation/how-to/index_other_languages 308
/code_intelligence/how-to /code_navigation/how-to 308

/code_intelligence/how-to/img/CodeReview.gif /code_navigation/how-to/img/CodeReview.gif 308
/code_intelligence/how-to/img/experimental-language-server-enable.png /code_navigation/how-to/img/experimental-language-server-enable.png 308
/code_intelligence/how-to/img/extension-example.gif /code_navigation/how-to/img/extension-example.gif 308
/code_intelligence/how-to/img/network-description.png /code_navigation/how-to/img/network-description.png 308
/code_intelligence/how-to/img/network-waterfall.png /code_navigation/how-to/img/network-waterfall.png 308
/code_intelligence/how-to/img/popover.png /code_navigation/how-to/img/popover.png 308
/code_intelligence/how-to/img/Symbols.png /code_navigation/how-to/img/Symbols.png 308
/code_intelligence/how-to/img/SymbolSidebar.png /code_navigation/how-to/imgSymbolSidebar.png 308
/code_intelligence/how-to/img/workflow.png /code_navigation/how-to/img/workflow.png 308
/code_intelligence/how-to/img /code_navigation/how-to/img 308

/code_intelligence/references/auto_indexing_configuration /code_navigation/references/auto_indexing_configuration 308
/code_intelligence/references/envvars /code_navigation/references/envvars 308
/code_intelligence/references/faq /code_navigation/references/faq 308
/code_intelligence/references/indexers /code_navigation/references/indexers 308
/code_intelligence/references/precise_examples /code_navigation/references/precise_examples 308
/code_intelligence/references/requirements /code_navigation/references/requirements 308
/code_intelligence/references/troubleshooting /code_navigation/references/troubleshooting 308
/code_intelligence/references /code_navigation/references 308

/code_intelligence /code_navigation 308

# Cody autocomplete redirects
/cody/autocomplete /cody/capabilities#code-autocomplete 308
/cody/autocomplete#code-autocomplete /cody/capabilities#code-autocomplete 308
/cody/autocomplete#what-is-cody-code-autocomplete /cody/capabilities#code-autocomplete 308
/cody/autocomplete#enabling-autocomplete /cody/capabilities#code-autocomplete 308
/cody/autocomplete#configuring-on-sourcegraph-enterprise /cody/capabilities#configure-autocomplete-on-sourcegraph-enterprise 308
/cody/autocomplete#accessing-autocomplete-logs /cody/capabilities#access-autocomplete-logs 308

# Cody features redirects from main homepage
/cody#get-cody /cody#getting-started 308
/cody#features /cody#main-features 308
/cody#chatbot-that-knows-your-code /cody/capabilities#code-chatbot 308
/cody#fix-code-inline /cody/capabilities#fix-code-inline 308
/cody#recipes /cody/capabilities#cody-recipes 308
/cody#autocomplete /cody/capabilities#code-autocomplete 308


# Cody IA revamp redirects
# /cody /cody/overview 301
/cody/explanations/installing_vs_code /cody/overview/install-vscode 308
/cody/explanations/installing_jetbrains /cody/overview/install-jetbrains 308
/app /cody/overview/app 308
/cody/explanations/enabling_cody /cody/overview/cody-with-sourcegraph 308
/cody/explanations/enabling_cody_enterprise /cody/overview/enable-cody-enterprise 308

# Cody Quickstart redirects
/cody/quickstart#quickstart-for-cody-in-vs-code /cody/quickstart#cody-quickstart 308
/cody/quickstart#introduction /cody/quickstart#cody-quickstart 308
/cody/quickstart#getting-started-with-the-cody-extension-and-recipes /cody/quickstart#getting-started-with-cody-extension-and-commands 308
/cody/quickstart#generate-a-unit-test /cody/quickstart#1-generate-a-unit-test 308
/cody/quickstart#ask-cody-to-pull-reference-documentation /cody/quickstart#3-ask-cody-to-pull-reference-documentation 308
/cody/quickstart#ask-cody-to-write-context-aware-code /cody/quickstart#working-with-the-cody-extension 308

# Cody JetBrains extension install redirects

/cody/overview/install-jetbrains#introduction /cody/overview/install-jetbrains 308
/cody/overview/install-jetbrains#requirements /cody/overview/install-jetbrains#prerequisites 308
/cody/overview/install-jetbrains#optional-enable-code-graph-context-for-context-aware-answers /cody/overview/install-jetbrains#enable-code-graph-context-for-context-aware-answers-optional 308
/cody/overview/install-jetbrains#get-started-with-cody /cody/overview/install-jetbrains 308

# Cody VS Code installation guide redirects
/cody/overview/install-vscode#introduction /cody/overview/install-vscode 308
/cody/overview/install-vscode#requirements /cody/overview/install-vscode#prerequisites 308
/cody/overview/install-vscode#optional-enable-code-graph-context-for-context-aware-answers /cody/overview/install-vscode#enable-code-graph-context-for-context-aware-answers-optional 308

# Cody for Enterprise redirects
/cody/overview/enable-cody-enterprise#using-a-third-party-llm-provider-directly /cody/overview/enable-cody-enterprise#using-a-third-party-llm-provider 308
/cody/overview/enable-cody-enterprise#turning-cody-on-only-for-some-users /cody/overview/enable-cody-enterprise#enable-cody-only-for-some-users 308
/cody/overview/enable-cody-enterprise#turning-cody-off /cody/overview/enable-cody-enterprise#disable-cody 308

# Cody Explanations redirects
/cody/explanations /cody/core-concepts 308
/cody/explanations/code_graph_context#embeddings /cody/core-concepts/embeddings#embeddings 308
/cody/explanations/code_graph_context#configuring-embeddings /cody/core-concepts/embeddings/configure-embeddings 308
/cody/explanations/code_graph_context#filtering-files-from-embeddings /cody/core-concepts/embeddings/manage-embeddings#filter-files-from-embeddings 308
/cody/explanations/code_graph_context#storing-embedding-indexes /cody/core-concepts/embeddings/manage-embeddings#store-embedding-indexes 308
/cody/explanations/code_graph_context#using-s3 /cody/core-concepts/embeddings/manage-embeddings#using-s3 308
/cody/explanations/code_graph_context#using-gcs /cody/core-concepts/embeddings/manage-embeddings#using-gcs 308
/cody/explanations/code_graph_context#provisioning-buckets /cody/core-concepts/embeddings/manage-embeddings#provisioning-buckets 308
/cody/explanations/code_graph_context#environment-variables-for-the-embeddings-service cody/core-concepts/embeddings/manage-embeddings#environment-variables-for-the-embeddings-service 308
/cody/explanations/code_graph_context#incremental-embeddings /cody/core-concepts/embeddings#incremental-embeddings 308
/cody/explanations/code_graph_context#adjust-the-minimum-time-interval-between-automatically-scheduled-embeddings /cody/core-concepts/embeddings#minimum-time-interval-between-automatically-scheduled-embeddings 308
/cody/explanations/code_graph_context#using-a-third-party-embeddings-provider-directly /cody/core-concepts/embeddings#third-party-embeddings-provider 308
/cody/explanations/code_graph_context#openai /cody/core-concepts/embeddings#openai 308
/cody/explanations/code_graph_context#azure-openai-span-class-badge-badge-experimental-experimental-span /cody/core-concepts/embeddings#azure-openai 308
/cody/explanations/code_graph_context#disabling-embeddings /cody/core-concepts/embeddings#disable-embeddings 308
/cody/explanations/code_graph_context#configuring-the-global-policy-match-limit /cody/core-concepts/embeddings/usage-and-limits#configure-global-policy-match-limit 308
/cody/explanations/code_graph_context#limitting-the-number-of-embeddings-that-can-be-generated /cody/core-concepts/embeddings/usage-and-limits#limit-the-number-of-embeddings-that-can-be-generated 308
/cody/explanations/indexing /cody/core-concepts/embeddings/embedding-index 308
/cody/explanations/indexing#generate-embeddings-index /cody/core-concepts/embeddings/embedding-index#generate-embeddings-index 308
/cody/explanations/indexing#sourcegraph-enterprise /cody/core-concepts/embeddings/embedding-index#sourcegraph-enterprise 308
/cody/explanations/indexing#sourcegraph-com /cody/core-concepts/embeddings/embedding-index#sourcegraph-com 308
/cody/explanations/indexing#enable-codebase-aware-answers /cody/core-concepts/embeddings/embedding-index#enable-codebase-aware-answers 308
/cody/explanations/indexing#extension-settings /cody/core-concepts/embeddings/embedding-index#cody-vs-code-extension-settings 308
/cody/explanations/indexing#manual-configuration /cody/core-concepts/embeddings/embedding-index#manual-configuration 308
/cody/explanations/indexing#settings-json /cody/core-concepts/embeddings/embedding-index#settings-json 308
/cody/explanations/policies /cody/core-concepts/embeddings/configure-embeddings#policies 308
/cody/explanations/policies#how-to-create-an-embeddings-policy /cody/core-concepts/embeddings/configure-embeddings#create-an-embeddings-policy 308
/cody/explanations/policies#example-1 /cody/core-concepts/embeddings/configure-embeddings#how-pattern-matching-works 308
/cody/explanations/policies#example-2 /cody/core-concepts/embeddings/configure-embeddings#how-pattern-matching-works 308
/cody/explanations/policies#example-3 /cody/core-concepts/embeddings/configure-embeddings#how-pattern-matching-works 308
/cody/explanations/policies#lifecycle-of-an-embeddings-policy /cody/core-concepts/embeddings/configure-embeddings#lifecycle-of-an-embeddings-policy 308
/cody/explanations/schedule_one_off_embeddings_jobs /cody/core-concepts/embeddings/configure-embeddings#schedule-embeddings-jobs 308
/cody/explanations/code_graph_context /cody/core-concepts/code_graph_context 308
/cody/explanations/cody_gateway /cody/core-concepts/cody_gateway 308
/cody/explanations/code_graph_context /cody/core-concepts/code-graph 308
/cody/core-concepts/cody_clients /cody/overview#getting-started 308

# Cody Gateway redirects
/cody/core-concepts/cody_gateway /cody/core-concepts/cody-gateway 308
/cody/core-concepts/cody_gateway#using-cody-gateway-in-sourcegraph-enterprise /cody/core-concepts/cody-gateway#using-cody-gateway-in-sourcegraph-enterprise 308
/cody/core-concepts/cody_gateway#configuring-custom-models /cody/core-concepts/cody-gateway#configuring-custom-models 308
/cody/core-concepts/cody_gateway#rate-limits-and-quotas /cody/core-concepts/cody-gateway#rate-limits-and-quotas 308
/cody/core-concepts/cody_gateway#privacy-and-security /cody/core-concepts/cody-gateway#privacy-and-security 308

# Custom Commands redirects
/cody/custom-commands /cody/capabilities/commands#custom-commands 308
